{"cameraMode":{"drawMode":0,"name":"Shaded","section":"Shading Mode"},"sceneLighting":true,"audioPlay":false,"sceneViewState":{"m_AlwaysRefresh":false,"showFog":true,"showSkybox":true,"showFlares":true,"showImageEffects":true,"showParticleSystems":true,"showVisualEffectGraphs":true,"m_FxEnabled":true},"in2DMode":false,"pivot":{"x":2.6526131629943849,"y":2.032060384750366,"z":1.301175594329834},"rotation":{"x":0.04497821629047394,"y":0.944014847278595,"z":-0.12722331285476685,"w":0.30704694986343386},"size":0.9635002017021179,"orthographic":false}