{"cameraMode":{"drawMode":0,"name":"Shaded","section":"Shading Mode"},"sceneLighting":true,"audioPlay":false,"sceneViewState":{"m_AlwaysRefresh":false,"showFog":true,"showSkybox":true,"showFlares":true,"showImageEffects":true,"showParticleSystems":true,"showVisualEffectGraphs":true,"m_FxEnabled":true},"in2DMode":false,"pivot":{"x":2.6880319118499758,"y":-0.35625219345092776,"z":-10.038719177246094},"rotation":{"x":0.020924409851431848,"y":0.9857006072998047,"z":-0.11159265041351319,"w":0.1380799561738968},"size":6.783631801605225,"orthographic":false}