{"cameraMode":{"drawMode":0,"name":"Shaded","section":"Shading Mode"},"sceneLighting":true,"audioPlay":false,"sceneViewState":{"m_AlwaysRefresh":false,"showFog":true,"showSkybox":true,"showFlares":true,"showImageEffects":true,"showParticleSystems":true,"showVisualEffectGraphs":true,"m_FxEnabled":true},"in2DMode":false,"pivot":{"x":4.053768634796143,"y":0.9574201107025147,"z":-1.0782554149627686},"rotation":{"x":0.03501409292221069,"y":0.8786454796791077,"z":-0.040078744292259219,"w":0.4772803783416748},"size":1.7807612419128419,"orthographic":false}