{"cameraMode":{"drawMode":0,"name":"Shaded","section":"Shading Mode"},"sceneLighting":true,"audioPlay":false,"sceneViewState":{"m_AlwaysRefresh":false,"showFog":true,"showSkybox":true,"showFlares":true,"showImageEffects":true,"showParticleSystems":true,"showVisualEffectGraphs":true,"m_FxEnabled":true},"in2DMode":false,"pivot":{"x":-0.49735134840011599,"y":2.251530647277832,"z":-0.8222992420196533},"rotation":{"x":-0.0004945628461427987,"y":-0.9905269742012024,"z":-0.032507918775081637,"w":-0.1462407112121582},"size":2.6188104152679445,"orthographic":false}