{"cameraMode":{"drawMode":0,"name":"Shaded","section":"Shading Mode"},"sceneLighting":true,"audioPlay":false,"sceneViewState":{"m_AlwaysRefresh":false,"showFog":true,"showSkybox":true,"showFlares":true,"showImageEffects":true,"showParticleSystems":true,"showVisualEffectGraphs":true,"m_FxEnabled":true},"in2DMode":false,"pivot":{"x":-0.4225175380706787,"y":0.8676663041114807,"z":-1.454188346862793},"rotation":{"x":0.03088294342160225,"y":0.9809929728507996,"z":-0.12034308910369873,"w":0.15762940049171449},"size":1.8192389011383057,"orthographic":false}