{"cameraMode":{"drawMode":0,"name":"Shaded","section":"Shading Mode"},"sceneLighting":true,"audioPlay":false,"sceneViewState":{"m_AlwaysRefresh":false,"showFog":true,"showSkybox":true,"showFlares":true,"showImageEffects":true,"showParticleSystems":true,"showVisualEffectGraphs":true,"m_FxEnabled":true},"in2DMode":false,"pivot":{"x":-1.3645594120025635,"y":1.2272547483444214,"z":1.2768625020980836},"rotation":{"x":0.051560450345277789,"y":-0.9365073442459106,"z":0.18584983050823213,"w":0.29953092336654665},"size":1.0663871765136719,"orthographic":false}