{"cameraMode":{"drawMode":0,"name":"Shaded","section":"Shading Mode"},"sceneLighting":true,"audioPlay":false,"sceneViewState":{"m_AlwaysRefresh":false,"showFog":true,"showSkybox":true,"showFlares":true,"showImageEffects":true,"showParticleSystems":true,"showVisualEffectGraphs":true,"m_FxEnabled":true},"in2DMode":false,"pivot":{"x":-7.34602689743042,"y":1.4231144189834595,"z":-3.460719347000122},"rotation":{"x":0.030799591913819314,"y":0.9809718728065491,"z":-0.11426142603158951,"w":0.1622498482465744},"size":0.31436803936958315,"orthographic":false}